refinement,rows,nonzeros,repetition,order,cpu_ns,cuda_setup_ns,cuda_h2d_ns,cuda_action_ns,cuda_d2h_ns,cuda_phase_sum_ns,cuda_execution_wall_ns,cuda_verification_ns,cuda_verified_wall_ns,maximum_absolute_error,maximum_scaled_error,host_to_device_bytes,device_to_host_bytes,workspace_bytes
64,4096,20224,0,cpu-first,43867,180818523,86502,3385051,54808,184344884,263944824,30875,263975699,1.33226762955018785e-15,8.88178419700124826e-5,389128,32768,168
64,4096,20224,1,cuda-first,60576,184058105,100410,3103657,43095,187305267,267746260,28696,267774956,1.33226762955018785e-15,8.88178419700124826e-5,389128,32768,168
64,4096,20224,2,cpu-first,33132,186024482,105129,3125510,48026,189303147,271462950,29241,271492191,1.33226762955018785e-15,8.88178419700124826e-5,389128,32768,168
64,4096,20224,3,cuda-first,56738,192706433,90880,2807049,44257,195648619,273102067,28342,273130409,1.33226762955018785e-15,8.88178419700124826e-5,389128,32768,168
64,4096,20224,4,cpu-first,22847,168803176,88161,2653324,41726,171586387,249564039,25275,249589314,1.33226762955018785e-15,8.88178419700124826e-5,389128,32768,168
64,4096,20224,5,cuda-first,53151,161146758,84653,3633753,44309,164909473,239096794,25752,239122546,1.33226762955018785e-15,8.88178419700124826e-5,389128,32768,168
64,4096,20224,6,cpu-first,31747,163161382,83415,2753204,47007,166045008,241270407,27341,241297748,1.33226762955018785e-15,8.88178419700124826e-5,389128,32768,168
64,4096,20224,7,cuda-first,42660,182267782,81804,3229245,40283,185619114,259574103,25400,259599503,1.33226762955018785e-15,8.88178419700124826e-5,389128,32768,168
64,4096,20224,8,cpu-first,22917,165815037,81265,2710320,38705,168645327,243847202,23867,243871069,1.33226762955018785e-15,8.88178419700124826e-5,389128,32768,168
128,16384,81408,0,cpu-first,147288,163839212,239071,2369379,119384,166567046,238229905,96806,238326711,1.11022302462515654e-15,1.11022302462515640e-4,1564680,131072,648
128,16384,81408,1,cuda-first,162445,147802139,239089,2421608,122099,150584935,222496166,92819,222588985,1.11022302462515654e-15,1.11022302462515640e-4,1564680,131072,648
128,16384,81408,2,cpu-first,107787,172236417,593592,4213273,95872,177139154,256422338,115885,256538223,1.11022302462515654e-15,1.11022302462515640e-4,1564680,131072,648
128,16384,81408,3,cuda-first,159737,167067982,238533,2862489,102204,170271208,248806014,89743,248895757,1.11022302462515654e-15,1.11022302462515640e-4,1564680,131072,648
128,16384,81408,4,cpu-first,129922,174262286,274836,3468335,121830,178127287,265514965,103213,265618178,1.11022302462515654e-15,1.11022302462515640e-4,1564680,131072,648
128,16384,81408,5,cuda-first,172360,173387510,248015,2525218,106547,176267290,252801717,91102,252892819,1.11022302462515654e-15,1.11022302462515640e-4,1564680,131072,648
128,16384,81408,6,cpu-first,153624,161350049,232277,2470181,98310,164150817,236783268,90498,236873766,1.11022302462515654e-15,1.11022302462515640e-4,1564680,131072,648
128,16384,81408,7,cuda-first,146401,161287874,228175,2437142,99043,164052234,238640784,87283,238728067,1.11022302462515654e-15,1.11022302462515640e-4,1564680,131072,648
128,16384,81408,8,cpu-first,109179,157973731,224462,2444923,120455,160763571,234727044,91132,234818176,1.11022302462515654e-15,1.11022302462515640e-4,1564680,131072,648
256,65536,326656,0,cpu-first,583977,177369569,935116,3028341,398010,181731036,261368355,378882,261747237,1.11022302462515654e-15,6.66133814775093924e-5,6275080,524288,2560
256,65536,326656,1,cuda-first,1371695,185879982,965179,3226194,421174,190492529,276635942,404566,277040508,1.11022302462515654e-15,6.66133814775093924e-5,6275080,524288,2560
256,65536,326656,2,cpu-first,536177,176555396,887636,3867710,389328,181700070,259212403,388287,259600690,1.11022302462515654e-15,6.66133814775093924e-5,6275080,524288,2560
256,65536,326656,3,cuda-first,530491,166119069,759146,2338085,359442,169575742,240634782,352480,240987262,1.11022302462515654e-15,6.66133814775093924e-5,6275080,524288,2560
256,65536,326656,4,cpu-first,493865,149761579,740122,2188814,325510,153016025,224593675,340548,224934223,1.11022302462515654e-15,6.66133814775093924e-5,6275080,524288,2560
256,65536,326656,5,cuda-first,537708,148639811,759347,2238957,388207,152026322,276483973,346242,276830215,1.11022302462515654e-15,6.66133814775093924e-5,6275080,524288,2560
256,65536,326656,6,cpu-first,531419,147083025,742585,2202160,341663,150369433,220272204,369622,220641826,1.11022302462515654e-15,6.66133814775093924e-5,6275080,524288,2560
256,65536,326656,7,cuda-first,530675,146716847,720521,2402139,681176,150520683,222547127,351089,222898216,1.11022302462515654e-15,6.66133814775093924e-5,6275080,524288,2560
256,65536,326656,8,cpu-first,501265,146951513,739222,2239295,409131,150339161,221549639,371355,221920994,1.11022302462515654e-15,6.66133814775093924e-5,6275080,524288,2560
512,262144,1308672,0,cpu-first,2532790,165038103,2754867,2291079,1242642,171326691,247539855,1397919,248937774,1.33226762955018785e-15,8.88178419700125232e-5,25133064,2097152,10232
512,262144,1308672,1,cuda-first,2115217,155635562,2737330,2102540,1233191,161708623,236209756,1399678,237609434,1.33226762955018785e-15,8.88178419700125232e-5,25133064,2097152,10232
512,262144,1308672,2,cpu-first,1982699,153263764,2817770,2158694,1334630,159574858,235209697,1426460,236636157,1.33226762955018785e-15,8.88178419700125232e-5,25133064,2097152,10232
512,262144,1308672,3,cuda-first,2110957,156320059,2900927,2240250,1484670,162945906,237847825,1437952,239285777,1.33226762955018785e-15,8.88178419700125232e-5,25133064,2097152,10232
512,262144,1308672,4,cpu-first,2015067,151989485,2720757,1976720,1356238,158043200,232079753,1419147,233498900,1.33226762955018785e-15,8.88178419700125232e-5,25133064,2097152,10232
512,262144,1308672,5,cuda-first,2060526,156481169,2757695,2082481,1372841,162694186,238372358,1412114,239784472,1.33226762955018785e-15,8.88178419700125232e-5,25133064,2097152,10232
512,262144,1308672,6,cpu-first,1901219,148642125,2854065,1949354,1366081,154811625,228235204,1406518,229641722,1.33226762955018785e-15,8.88178419700125232e-5,25133064,2097152,10232
512,262144,1308672,7,cuda-first,2066118,145312899,2757451,1987947,1157663,151215960,225328865,1428088,226756953,1.33226762955018785e-15,8.88178419700125232e-5,25133064,2097152,10232
512,262144,1308672,8,cpu-first,1927607,168504845,2778489,2050529,1331803,174665666,249037323,1428958,250466281,1.33226762955018785e-15,8.88178419700125232e-5,25133064,2097152,10232
1024,1048576,5238784,0,cpu-first,8886670,181661896,11091834,2394842,1120790,196269362,285629981,5679198,291309179,1.33226762955018785e-15,6.66133814775093924e-5,100597768,8388608,40936
1024,1048576,5238784,1,cuda-first,8861094,176538560,10383120,2085432,1525368,190532480,280359205,5620560,285979765,1.33226762955018785e-15,6.66133814775093924e-5,100597768,8388608,40936
1024,1048576,5238784,2,cpu-first,8701722,174296026,10412227,2075589,2632943,189416785,276968178,5644670,282612848,1.33226762955018785e-15,6.66133814775093924e-5,100597768,8388608,40936
1024,1048576,5238784,3,cuda-first,11311282,180773589,13887820,3416645,4083975,202162029,290392541,7584076,297976617,1.33226762955018785e-15,6.66133814775093924e-5,100597768,8388608,40936
1024,1048576,5238784,4,cpu-first,8132298,181268872,10161903,2120232,2247781,195798788,283198212,5595566,288793778,1.33226762955018785e-15,6.66133814775093924e-5,100597768,8388608,40936
1024,1048576,5238784,5,cuda-first,8342171,184926942,10772287,2161280,2557726,200418235,292864453,5655108,298519561,1.33226762955018785e-15,6.66133814775093924e-5,100597768,8388608,40936
1024,1048576,5238784,6,cpu-first,8329580,172812002,10261605,2112839,2527953,187714399,276128002,5612183,281740185,1.33226762955018785e-15,6.66133814775093924e-5,100597768,8388608,40936
1024,1048576,5238784,7,cuda-first,8633327,173858479,10093052,2088842,3108373,189148746,281265920,5612926,286878846,1.33226762955018785e-15,6.66133814775093924e-5,100597768,8388608,40936
1024,1048576,5238784,8,cpu-first,9048327,181720946,10402983,2078921,2505177,196708027,285375302,5643200,291018502,1.33226762955018785e-15,6.66133814775093924e-5,100597768,8388608,40936
2048,4194304,20963328,0,cpu-first,36615131,277702546,46628327,2781285,23080643,350192801,502840509,24998438,527838947,1.11022302462515654e-15,6.66133814775093924e-5,402522120,33554432,163784
2048,4194304,20963328,1,cuda-first,46644292,299023684,50356655,2947915,26178467,378506721,540659636,26288164,566947800,1.11022302462515654e-15,6.66133814775093924e-5,402522120,33554432,163784
2048,4194304,20963328,2,cpu-first,47736778,344402414,54867408,3210728,24120866,426601416,595011084,24804249,619815333,1.11022302462515654e-15,6.66133814775093924e-5,402522120,33554432,163784
2048,4194304,20963328,3,cuda-first,64299097,491461430,85845210,4864828,39650623,621822091,855630226,47345793,902976019,1.11022302462515654e-15,6.66133814775093924e-5,402522120,33554432,163784
2048,4194304,20963328,4,cpu-first,39254547,291734541,50888915,3341183,23378175,369342814,519117352,25562597,544679949,1.11022302462515654e-15,6.66133814775093924e-5,402522120,33554432,163784
2048,4194304,20963328,5,cuda-first,36525889,290001100,44131352,3091416,19319263,356543131,505060278,23138067,528198345,1.11022302462515654e-15,6.66133814775093924e-5,402522120,33554432,163784
2048,4194304,20963328,6,cpu-first,37580186,278333419,47294628,3011288,20492466,349131801,502604351,24867671,527472022,1.11022302462515654e-15,6.66133814775093924e-5,402522120,33554432,163784
2048,4194304,20963328,7,cuda-first,45232067,300548569,49869478,2997602,20918540,374334189,536998832,25675516,562674348,1.11022302462515654e-15,6.66133814775093924e-5,402522120,33554432,163784
2048,4194304,20963328,8,cpu-first,48759528,333251691,53461254,3544676,22031009,412288630,578360364,25707390,604067754,1.11022302462515654e-15,6.66133814775093924e-5,402522120,33554432,163784
4096,16777216,83869696,0,cpu-first,152589534,678688645,188379726,4549983,80408761,952027115,1320053136,99292886,1419346022,1.33226762955018785e-15,8.88178419700125232e-5,1610350600,134217728,655240
4096,16777216,83869696,1,cuda-first,187440461,693887265,181628469,4215627,77327162,957058523,1343865420,94742181,1438607601,1.33226762955018785e-15,8.88178419700125232e-5,1610350600,134217728,655240
4096,16777216,83869696,2,cpu-first,154598045,603115336,167525953,4058668,72058887,846758844,1195638052,88614270,1284252322,1.33226762955018785e-15,8.88178419700125232e-5,1610350600,134217728,655240
4096,16777216,83869696,3,cuda-first,150008973,623512997,162890538,4130446,74575831,865109812,1203135507,89888047,1293023554,1.33226762955018785e-15,8.88178419700125232e-5,1610350600,134217728,655240
4096,16777216,83869696,4,cpu-first,148931415,630574080,170832825,4333589,76160083,881900577,1224169949,94248334,1318418283,1.33226762955018785e-15,8.88178419700125232e-5,1610350600,134217728,655240
4096,16777216,83869696,5,cuda-first,148231516,722723231,172852974,4356143,80791370,980723718,1346883894,93578626,1440462520,1.33226762955018785e-15,8.88178419700125232e-5,1610350600,134217728,655240
4096,16777216,83869696,6,cpu-first,147696409,627530078,162396822,4145539,71639977,865712416,1210583119,88809221,1299392340,1.33226762955018785e-15,8.88178419700125232e-5,1610350600,134217728,655240
4096,16777216,83869696,7,cuda-first,180680745,661658193,191209182,4457320,87804356,945129051,1293517391,95431177,1388948568,1.33226762955018785e-15,8.88178419700125232e-5,1610350600,134217728,655240
4096,16777216,83869696,8,cpu-first,176898129,686483584,184480178,4833605,89435785,965233152,1332482346,97792227,1430274573,1.33226762955018785e-15,8.88178419700125232e-5,1610350600,134217728,655240
